Inselberg,PC1,PC2
IVC,-2.3110856527154313,-2.1438073990028323
SPN,0.07126412679194447,-0.12392594988734741
KAM,-0.38449362037664303,1.4557762955044773
SWE,1.61156670699748,0.09146124514220434
FRA,0.9716721288899416,-0.25073200408665763
USA,1.722636395976753,-1.704810037319962
KOR,-0.011807105619965367,-0.09374863578435962
SWA,-0.27598813296314467,1.0272433073907792
NWA,-0.5822159396565982,1.4982841325357104
MAL,-0.8115489073243359,0.24425904550798544
